"WIND_CODE","IND_CODE"
"002659.SZ","622530"
"002660.SZ","622010"
"002661.SZ","623020"
"002662.SZ","622510"
"002663.SZ","622010"
"002664.SZ","622510"
"002665.SZ","622010"
"002666.SZ","621510"
"002667.SZ","622010"
"002668.SZ","622520"
"002669.SZ","621510"
"002670.SZ","624020"
"002671.SZ","621510"
"002672.SZ","622020"
"002673.SZ","624020"
"002674.SZ","622520"
"002675.SZ","623520"
"002676.SZ","621510"
"002677.SZ","622520"
"002678.SZ","622520"
"002679.SZ","621510"
"002680.SZ","623520"
"002681.SZ","622520"
"002682.SZ","622030"
"002683.SZ","621510"
"002684.SZ","622010"
"002685.SZ","622010"
"002686.SZ","622010"
"002687.SZ","622520"
"002688.SZ","623520"
"002689.SZ","622010"
"002690.SZ","624520"
"300645.SZ","624510"
"300647.SZ","624520"
"300648.SZ","622010"
"300649.SZ","622020"
"300650.SZ","622520"
"300651.SZ","622520"
"300652.SZ","622510"
"300653.SZ","623520"
"300654.SZ","622540"
"300655.SZ","621510"
"300656.SZ","624520"
"300657.SZ","624520"
"300658.SZ","622520"
"300659.SZ","624510"
"300660.SZ","622010"
"300661.SZ","624530"
"300662.SZ","622020"
"300663.SZ","624510"
"300664.SZ","622020"
"300665.SZ","621510"
"300666.SZ","624520"
"300667.SZ","624520"
"300668.SZ","622020"
"300669.SZ","622010"
"300670.SZ","622010"
"300671.SZ","624530"
"300672.SZ","624530"
"300673.SZ","623020"
"300675.SZ","622020"
"300676.SZ","623520"
"300677.SZ","623510"
"300678.SZ","624510"
"300679.SZ","624520"
"300680.SZ","622510"
"300681.SZ","622010"
"300682.SZ","624510"
"300683.SZ","623520"
"300684.SZ","621510"
"300685.SZ","623520"
"300686.SZ","624520"
"300687.SZ","624510"
"300688.SZ","622020"
"300689.SZ","624520"
"300690.SZ","622010"
"300691.SZ","624520"
"300692.SZ","622020"
"300693.SZ","622010"
"300695.SZ","622510"
"300696.SZ","622010"
"300697.SZ","621510"
"300698.SZ","624520"
"300699.SZ","621510"
"300700.SZ","621510"
"300701.SZ","624520"
"300702.SZ","623520"
"300703.SZ","622520"
"300705.SZ","623520"
"300706.SZ","624520"
"300707.SZ","622510"
"300708.SZ","624530"
"300709.SZ","624520"
"300710.SZ","624520"
"300711.SZ","624520"
"300712.SZ","622020"
"300713.SZ","622010"
"300715.SZ","621510"
"300637.SZ","621510"
"300638.SZ","624520"
"300639.SZ","623520"
"300640.SZ","622520"
"300641.SZ","621510"
"300642.SZ","623520"
"300643.SZ","622510"
"300644.SZ","621510"
"600644.SH","625510"
"600645.SH","623520"
"600647.SH","623010"
"600648.SH","622010"
"600649.SH","626010"
"600650.SH","622030"
"600651.SH","622520"
"600652.SH","624510"
"600653.SH","622550"
"600654.SH","624510"
"600655.SH","622520"
"600657.SH","626010"
"600658.SH","626010"
"600660.SH","622510"
"600661.SH","622530"
"600662.SH","622030"
"600663.SH","626010"
"600664.SH","623520"
"600665.SH","626010"
"600666.SH","622010"
"600667.SH","624530"
"600668.SH","622010"
"600671.SH","623520"
"600673.SH","621510"
"600674.SH","625510"
"000829.SZ","624520"
"000830.SZ","621510"
"000831.SZ","621510"
"000833.SZ","622010"
"000835.SZ","624510"
"000836.SZ","624520"
"000837.SZ","622010"
"000838.SZ","626010"
"000839.SZ","622540"
"000848.SZ","623020"
"000850.SZ","622520"
"000851.SZ","622550"
"000852.SZ","621010"
"000856.SZ","622010"
"000858.SZ","623020"
"000859.SZ","621510"
"000860.SZ","623020"
"000861.SZ","622010"
"000862.SZ","625510"
"000863.SZ","626010"
"000868.SZ","622510"
"000869.SZ","623020"
"000875.SZ","625510"
"000876.SZ","623020"
"000877.SZ","621510"
"000878.SZ","621510"
"000880.SZ","622010"
"000881.SZ","622010"
"000882.SZ","622550"
"000883.SZ","625510"
"000885.SZ","621510"
"000886.SZ","626010"
"000887.SZ","622510"
"000888.SZ","622530"
"000889.SZ","624520"
"000890.SZ","622010"
"000892.SZ","622540"
"002691.SZ","622010"
"002692.SZ","622010"
"002693.SZ","623520"
"002694.SZ","622010"
"002695.SZ","623020"
"002696.SZ","623020"
"002697.SZ","623010"
"002698.SZ","622010"
"002699.SZ","622520"
"002700.SZ","625510"
"002701.SZ","621510"
"002702.SZ","623020"
"002703.SZ","622510"
"002705.SZ","622520"
"002706.SZ","622010"
"002707.SZ","622530"
"002708.SZ","622510"
"002709.SZ","621510"
"002711.SZ","622030"
"002712.SZ","622540"
"002713.SZ","622010"
"002714.SZ","623020"
"002715.SZ","622510"
"002716.SZ","621510"
"002717.SZ","622010"
"002718.SZ","622010"
"002719.SZ","623020"
"002721.SZ","622520"
"002722.SZ","622010"
"002723.SZ","622520"
"002724.SZ","622010"
"002725.SZ","622510"
"002726.SZ","623020"
"002727.SZ","623010"
"002728.SZ","623520"
"002729.SZ","622010"
"002730.SZ","622010"
"002731.SZ","622520"
"002732.SZ","623020"
"002733.SZ","622010"
"002734.SZ","621510"
"002735.SZ","621510"
"002736.SZ","624020"
"002737.SZ","623520"
"002738.SZ","622020"
"002739.SZ","622540"
"002740.SZ","622520"
"002741.SZ","621510"
"002742.SZ","621510"
"002743.SZ","622010"
"002745.SZ","624530"
"002746.SZ","623020"
"002747.SZ","622010"
"002748.SZ","621510"
"002749.SZ","621510"
"002750.SZ","623520"
"002751.SZ","622020"
"002752.SZ","621510"
"002753.SZ","621510"
"002755.SZ","622010"
"002756.SZ","621510"
"002757.SZ","622010"
"002758.SZ","623510"
"002759.SZ","622520"
"002760.SZ","622010"
"002761.SZ","622520"
"002762.SZ","622520"
"002763.SZ","622520"
"002765.SZ","622510"
"002766.SZ","622510"
"002767.SZ","622010"
"002768.SZ","621510"
"002769.SZ","622030"
"002770.SZ","623020"
"300716.SZ","621510"
"300717.SZ","621510"
"300718.SZ","622010"
"300719.SZ","622010"
"300720.SZ","622010"
"300721.SZ","621510"
"300722.SZ","622010"
"300723.SZ","623520"
"300725.SZ","623520"
"300726.SZ","624520"
"300727.SZ","621510"
"300729.SZ","622520"
"300730.SZ","624510"
"300731.SZ","621510"
"300732.SZ","622020"
"300733.SZ","622510"
"300735.SZ","624520"
"300736.SZ","622530"
"300737.SZ","621510"
"300738.SZ","624510"
"300739.SZ","624520"
"300740.SZ","623030"
"300741.SZ","623020"
"600000.SH","624010"
"600004.SH","622030"
"600006.SH","622510"
"600007.SH","626010"
"600008.SH","625510"
"600009.SH","622030"
"600010.SH","621510"
"600011.SH","625510"
"600012.SH","622030"
"600015.SH","624010"
"600016.SH","624010"
"600017.SH","622030"
"600018.SH","622030"
"600019.SH","621510"
"600020.SH","622030"
"600021.SH","625510"
"600022.SH","621510"
"600023.SH","625510"
"600025.SH","625510"
"600026.SH","622030"
"600027.SH","625510"
"600028.SH","621010"
"600029.SH","622030"
"600030.SH","624020"
"600031.SH","622010"
"600033.SH","622030"
"600035.SH","622030"
"600036.SH","624010"
"600037.SH","622540"
"600038.SH","622010"
"600039.SH","622010"
"600048.SH","626010"
"600050.SH","625010"
"600051.SH","622010"
"600052.SH","626010"
"600053.SH","626010"
"600054.SH","622530"
"600675.SH","626010"
"600676.SH","622510"
"600677.SH","622010"
"600678.SH","621510"
"600679.SH","622520"
"600680.SH","624520"
"600681.SH","625510"
"600682.SH","622550"
"600683.SH","626010"
"600684.SH","626010"
"600685.SH","622010"
"600686.SH","622510"
"600687.SH","622520"
"600688.SH","621010"
"600689.SH","622520"
"600690.SH","622520"
"600691.SH","621510"
"600692.SH","626010"
"600693.SH","622550"
"600694.SH","622550"
"600695.SH","624020"
"600696.SH","622010"
"600697.SH","622550"
"600698.SH","622510"
"600699.SH","622510"
"600701.SH","624510"
"600702.SH","623020"
"600703.SH","624530"
"600704.SH","622010"
"600705.SH","624020"
"600706.SH","622530"
"600707.SH","624520"
"600708.SH","626010"
"000893.SZ","623020"
"000895.SZ","623020"
"000897.SZ","626010"
"000898.SZ","621510"
"000899.SZ","625510"
"000900.SZ","622030"
"000901.SZ","622510"
"000902.SZ","621510"
"000903.SZ","622010"
"000905.SZ","622030"
"000906.SZ","622010"
"000908.SZ","623520"
"000909.SZ","622520"
"000910.SZ","621510"
"000911.SZ","623020"
"000912.SZ","621510"
"000913.SZ","622510"
"000915.SZ","623520"
"000917.SZ","622540"
"000918.SZ","626010"
"000919.SZ","623520"
"000920.SZ","621510"
"000921.SZ","622520"
"000922.SZ","622010"
"000923.SZ","622010"
"000925.SZ","622010"
"000926.SZ","626010"
"000927.SZ","622510"
"000928.SZ","622010"
"000929.SZ","623020"
"000930.SZ","621510"
"000931.SZ","623520"
"000932.SZ","621510"
"000933.SZ","621510"
"000935.SZ","621510"
"000936.SZ","621510"
"000937.SZ","621010"
"000938.SZ","624520"
"002771.SZ","624510"
"002772.SZ","623020"
"002773.SZ","623520"
"002774.SZ","622010"
"002775.SZ","622010"
"002776.SZ","622520"
"002777.SZ","624510"
"002778.SZ","621010"
"002779.SZ","622010"
"002780.SZ","622520"
"002781.SZ","622010"
"002782.SZ","624520"
"002783.SZ","621510"
"002785.SZ","621510"
"002786.SZ","622010"
"002787.SZ","621510"
"002788.SZ","623510"
"002789.SZ","622010"
"002790.SZ","622010"
"002791.SZ","622010"
"002792.SZ","624520"
"002793.SZ","622010"
"002795.SZ","622010"
"002796.SZ","622010"
"002797.SZ","624020"
"002798.SZ","622010"
"002799.SZ","621510"
"002800.SZ","622030"
"002801.SZ","622010"
"002802.SZ","621510"
"002803.SZ","621510"
"002805.SZ","621510"
"002806.SZ","621510"
"002807.SZ","624010"
"002808.SZ","624520"
"002809.SZ","621510"
"002810.SZ","621510"
"002811.SZ","622010"
"002812.SZ","621510"
"002813.SZ","624520"
"002815.SZ","624520"
"002816.SZ","622010"
"002817.SZ","623520"
"002818.SZ","626010"
"002819.SZ","624520"
"002820.SZ","623020"
"002821.SZ","623520"
"002822.SZ","622010"
"002823.SZ","622010"
"002824.SZ","621510"
"002825.SZ","621510"
"002826.SZ","623520"
"002827.SZ","621510"
"002828.SZ","621010"
"002829.SZ","622010"
"002830.SZ","622010"
"002831.SZ","621510"
"002832.SZ","622520"
"002833.SZ","622010"
"002835.SZ","624520"
"002836.SZ","622020"
"002837.SZ","622010"
"002838.SZ","621510"
"002839.SZ","624010"
"002840.SZ","623020"
"002841.SZ","624520"
"002842.SZ","621510"
"002843.SZ","622010"
"002845.SZ","624520"
"002846.SZ","621510"
"002847.SZ","623020"
"002848.SZ","622520"
"002849.SZ","622010"
"600055.SH","623510"
"600056.SH","623510"
"600057.SH","622030"
"600058.SH","622010"
"600059.SH","623020"
"600060.SH","622520"
"600061.SH","624020"
"600062.SH","623520"
"600063.SH","621510"
"600064.SH","626010"
"600066.SH","622510"
"600067.SH","626010"
"600068.SH","622010"
"600069.SH","621510"
"600070.SH","622520"
"600071.SH","624520"
"600072.SH","622010"
"600073.SH","623020"
"600074.SH","624520"
"600075.SH","621510"
"600076.SH","621510"
"600077.SH","626010"
"600078.SH","621510"
"600079.SH","623520"
"600080.SH","623520"
"600081.SH","622510"
"600082.SH","626010"
"600083.SH","622010"
"600084.SH","623020"
"600085.SH","623520"
"600086.SH","622520"
"600088.SH","622540"
"600089.SH","622010"
"600090.SH","623510"
"600091.SH","621510"
"600093.SH","622030"
"600094.SH","626010"
"600710.SH","622010"
"600711.SH","622010"
"600712.SH","622550"
"600713.SH","623510"
"600714.SH","621510"
"600715.SH","622540"
"600716.SH","626010"
"600717.SH","622030"
"600718.SH","624510"
"600719.SH","625510"
"600720.SH","621510"
"600721.SH","623520"
"600722.SH","621510"
"600723.SH","622550"
"600724.SH","626010"
"600725.SH","621510"
"600726.SH","625510"
"600727.SH","621510"
"600728.SH","624510"
"600729.SH","622550"
"600730.SH","622010"
"600731.SH","621510"
"600732.SH","626010"
"600733.SH","626010"
"600734.SH","624520"
"600735.SH","622520"
"600736.SH","626010"
"600737.SH","623020"
"600738.SH","622550"
"600739.SH","622550"
"600740.SH","621010"
"600741.SH","622510"
"600742.SH","622510"
"600743.SH","626010"
"600744.SH","625510"
"000939.SZ","625510"
"000948.SZ","624510"
"000949.SZ","621510"
"000950.SZ","623510"
"000951.SZ","622010"
"000952.SZ","623520"
"000953.SZ","621510"
"000955.SZ","622520"
"000957.SZ","622510"
"000958.SZ","625510"
"000959.SZ","621510"
"000960.SZ","621510"
"000961.SZ","622010"
"000962.SZ","621510"
"000963.SZ","623510"
"000965.SZ","626010"
"000966.SZ","625510"
"000967.SZ","622010"
"000968.SZ","621010"
"000969.SZ","621510"
"000970.SZ","621510"
"000971.SZ","624510"
"000972.SZ","623020"
"000973.SZ","621510"
"000975.SZ","621510"
"000976.SZ","622010"
"000977.SZ","624520"
"000978.SZ","622530"
"000979.SZ","626010"
"000980.SZ","622510"
"000981.SZ","626010"
"000982.SZ","622520"
"000983.SZ","621010"
"000985.SZ","621510"
"000987.SZ","624020"
"000988.SZ","624520"
"000989.SZ","623520"
"000990.SZ","621510"
"000993.SZ","625510"
"000995.SZ","623020"
"000996.SZ","622550"
"000997.SZ","624520"
"000998.SZ","623020"
"000999.SZ","623520"
"002850.SZ","622010"
"002851.SZ","622010"
"002852.SZ","623020"
"002853.SZ","622520"
"002855.SZ","624520"
"002856.SZ","622010"
"002857.SZ","622010"
"002858.SZ","622530"
"002859.SZ","624520"
"002860.SZ","622010"
"002861.SZ","624520"
"002862.SZ","622520"
"002863.SZ","622510"
"002864.SZ","623520"
"002865.SZ","622510"
"002866.SZ","624520"
"002867.SZ","622520"
"002868.SZ","623520"
"002869.SZ","624520"
"002870.SZ","622520"
"002871.SZ","622010"
"002872.SZ","623510"
"002873.SZ","623520"
"002875.SZ","622520"
"002876.SZ","624520"
"002877.SZ","622010"
"002878.SZ","622540"
"002879.SZ","622010"
"002880.SZ","623520"
"002881.SZ","624520"
"002882.SZ","622010"
"002883.SZ","622020"
"002884.SZ","622010"
"002885.SZ","624520"
"002886.SZ","621510"
"002887.SZ","622010"
"002888.SZ","622520"
"002889.SZ","622030"
"002890.SZ","622010"
"002891.SZ","623020"
"002892.SZ","622010"
"002893.SZ","625510"
"002895.SZ","621510"
"002896.SZ","622010"
"002897.SZ","624520"
"002898.SZ","623520"
"002899.SZ","622520"
"002900.SZ","623520"
"002901.SZ","623510"
"002902.SZ","624520"
"002903.SZ","622010"
"002905.SZ","622540"
"002906.SZ","622510"
"002907.SZ","623520"
"002908.SZ","624520"
"002909.SZ","621510"
"002910.SZ","623020"
"002911.SZ","625510"
"002912.SZ","624520"
"002913.SZ","624520"
"002915.SZ","621510"
"002916.SZ","624520"
"002917.SZ","621510"
"002918.SZ","622010"
"002919.SZ","623030"
"002920.SZ","624520"
"002921.SZ","622010"
"002922.SZ","622010"
"002923.SZ","623520"
"002925.SZ","624520"
"002926.SZ","624020"
"002927.SZ","622010"
"002928.SZ","622030"
"002929.SZ","624520"
"600095.SH","626010"
"600096.SH","621510"
"600097.SH","623020"
"600098.SH","625510"
"600099.SH","622510"
"600100.SH","624520"
"600101.SH","625510"
"600103.SH","621510"
"600104.SH","622510"
"600105.SH","624520"
"600106.SH","622030"
"600107.SH","622520"
"600108.SH","623020"
"600109.SH","624020"
"600110.SH","621510"
"600111.SH","621510"
"600112.SH","622010"
"600113.SH","622010"
"600114.SH","622510"
"600115.SH","622030"
"600116.SH","625510"
"600117.SH","621510"
"600118.SH","622010"
"600119.SH","622030"
"600120.SH","622010"
"600121.SH","621010"
"600122.SH","622550"
"600123.SH","621010"
"600125.SH","622030"
"600126.SH","621510"
"600127.SH","623020"
"600128.SH","622550"
"600129.SH","623520"
"600130.SH","624520"
"600131.SH","625510"
"600132.SH","623020"
"600133.SH","626010"
"600135.SH","621510"
"600136.SH","622540"
"600137.SH","622520"
"600138.SH","622530"
"600139.SH","622510"
"600141.SH","621510"
"600143.SH","621510"
"600745.SH","624520"
"600746.SH","621510"
"600747.SH","626010"
"600748.SH","626010"
"600749.SH","622530"
"600750.SH","623520"
"600751.SH","622030"
"600753.SH","626010"
"600754.SH","622530"
"600755.SH","622010"
"600756.SH","624510"
"600757.SH","622540"
"600758.SH","625510"
"600759.SH","621010"
"600760.SH","622010"
"600761.SH","622010"
"600763.SH","623510"
"600764.SH","622010"
"600765.SH","622010"
"600766.SH","621510"
"600767.SH","624510"
"600768.SH","621510"
"600769.SH","622010"
"600770.SH","622010"
"600771.SH","623520"
"600773.SH","626010"
"600774.SH","622550"
"600775.SH","624520"
"600776.SH","624520"
"600777.SH","621010"
"001696.SZ","622510"
"001896.SZ","625510"
"001965.SZ","622030"
"001979.SZ","626010"
"002001.SZ","623520"
"002002.SZ","621510"
"002003.SZ","622520"
"002004.SZ","621510"
"002005.SZ","624530"
"002006.SZ","622010"
"002007.SZ","623520"
"002008.SZ","624520"
"002009.SZ","622010"
"002010.SZ","621510"
"002011.SZ","622010"
"002012.SZ","621510"
"002013.SZ","622010"
"002014.SZ","621510"
"002015.SZ","622520"
"002016.SZ","626010"
"002017.SZ","624520"
"002018.SZ","621010"
"002019.SZ","623520"
"002020.SZ","623520"
"002021.SZ","622010"
"002022.SZ","623520"
"002023.SZ","622010"
"002024.SZ","622550"
"002025.SZ","624520"
"002026.SZ","622010"
"002027.SZ","622540"
"002028.SZ","622010"
"002029.SZ","622520"
"002030.SZ","623520"
"002031.SZ","622010"
"002032.SZ","622520"
"002033.SZ","622530"
"002034.SZ","622020"
"002035.SZ","622520"
"002036.SZ","624520"
"002037.SZ","621510"
"002038.SZ","623520"
"002039.SZ","625510"
"002040.SZ","622030"
"002041.SZ","623020"
"002042.SZ","622520"
"002043.SZ","621510"
"002044.SZ","623510"
"002045.SZ","622520"
"002046.SZ","622010"
"002047.SZ","622010"
"002048.SZ","622510"
"002049.SZ","624530"
"002050.SZ","622010"
"002051.SZ","622010"
"002052.SZ","622520"
"002053.SZ","621510"
"002054.SZ","621510"
"002055.SZ","624520"
"002056.SZ","621510"
"002930.SZ","622020"
"002931.SZ","622510"
"300001.SZ","622010"
"300002.SZ","624510"
"300003.SZ","623510"
"300004.SZ","622010"
"300005.SZ","622520"
"300006.SZ","623520"
"300007.SZ","624520"
"300008.SZ","622020"
"300009.SZ","623520"
"300010.SZ","624510"
"300011.SZ","622010"
"300012.SZ","622020"
"300013.SZ","622030"
"300014.SZ","622010"
"300015.SZ","623510"
"300016.SZ","623520"
"300017.SZ","624510"
"300018.SZ","622010"
"300019.SZ","621510"
"300020.SZ","624510"
"300021.SZ","622010"
"300022.SZ","622550"
"300023.SZ","622020"
"300024.SZ","622010"
"300025.SZ","624520"
"300026.SZ","623520"
"300027.SZ","622540"
"300028.SZ","622520"
"300029.SZ","624530"
"300030.SZ","623510"
"300031.SZ","624510"
"300032.SZ","624520"
"300033.SZ","624510"
"300034.SZ","621510"
"300035.SZ","622010"
"300036.SZ","624510"
"300037.SZ","621510"
"300038.SZ","624520"
"300039.SZ","623520"
"300040.SZ","622010"
"300041.SZ","621510"
"300042.SZ","624520"
"300043.SZ","622520"
"300044.SZ","624510"
"300045.SZ","624520"
"300046.SZ","624530"
"300047.SZ","624510"
"300048.SZ","622010"
"300049.SZ","623520"
"300050.SZ","624520"
"300051.SZ","624510"
"300052.SZ","624510"
"300053.SZ","624530"
"300054.SZ","621510"
"300055.SZ","622020"
"300056.SZ","622010"
"300057.SZ","621510"
"300058.SZ","622540"
"300059.SZ","624510"
"300061.SZ","623510"
"300062.SZ","622010"
"300063.SZ","622540"
"300064.SZ","621510"
"300065.SZ","624520"
"300066.SZ","622010"
"600145.SH","622010"
"600146.SH","622520"
"600148.SH","622510"
"600149.SH","622010"
"600150.SH","622010"
"600151.SH","624530"
"600152.SH","622520"
"600153.SH","622010"
"600155.SH","624020"
"600156.SH","622520"
"600157.SH","621010"
"600158.SH","626010"
"600159.SH","626010"
"600160.SH","621510"
"600161.SH","623520"
"600162.SH","626010"
"600163.SH","625510"
"600165.SH","622010"
"600166.SH","622510"
"600167.SH","625510"
"600168.SH","625510"
"600169.SH","622010"
"600170.SH","622010"
"600171.SH","624530"
"600172.SH","621510"
"600173.SH","626010"
"600175.SH","622010"
"600176.SH","621510"
"600177.SH","626010"
"600178.SH","622510"
"600179.SH","622030"
"600180.SH","622030"
"600182.SH","622510"
"600183.SH","624520"
"600184.SH","622010"
"600185.SH","626010"
"600186.SH","623020"
"000001.SZ","624010"
"000002.SZ","626010"
"000004.SZ","623520"
"000005.SZ","622020"
"000006.SZ","626010"
"000007.SZ","626010"
"000008.SZ","622010"
"000009.SZ","622010"
"000010.SZ","622010"
"000011.SZ","626010"
"000012.SZ","621510"
"000014.SZ","626010"
"000016.SZ","622520"
"000017.SZ","622520"
"000018.SZ","622010"
"000019.SZ","623020"
"000020.SZ","622520"
"000021.SZ","624520"
"000022.SZ","622030"
"000023.SZ","621510"
"000025.SZ","622550"
"000026.SZ","622520"
"000027.SZ","625510"
"000028.SZ","623510"
"000029.SZ","626010"
"000030.SZ","622510"
"000031.SZ","626010"
"000032.SZ","624520"
"000034.SZ","624520"
"000035.SZ","622020"
"002057.SZ","621510"
"002058.SZ","622010"
"002059.SZ","622530"
"002060.SZ","622010"
"002061.SZ","621510"
"002062.SZ","622010"
"002063.SZ","624510"
"002064.SZ","621510"
"002065.SZ","624510"
"002066.SZ","621510"
"002067.SZ","621510"
"002068.SZ","621510"
"002069.SZ","623020"
"002070.SZ","622520"
"002071.SZ","622540"
"002072.SZ","624510"
"002073.SZ","622010"
"002074.SZ","622010"
"002075.SZ","621510"
"002076.SZ","622520"
"002077.SZ","626010"
"002078.SZ","621510"
"002079.SZ","624530"
"002080.SZ","621510"
"002081.SZ","622010"
"002082.SZ","621510"
"002083.SZ","622520"
"002084.SZ","622010"
"002085.SZ","622510"
"002086.SZ","623020"
"002087.SZ","622520"
"002088.SZ","621510"
"002089.SZ","624520"
"002090.SZ","622010"
"002091.SZ","622010"
"002092.SZ","621510"
"002093.SZ","624510"
"002094.SZ","623030"
"002095.SZ","624510"
"002096.SZ","621510"
"002097.SZ","622010"
"002098.SZ","622520"
"002099.SZ","623520"
"002100.SZ","623020"
"002101.SZ","622510"
"002102.SZ","623520"
"002103.SZ","624510"
"002104.SZ","624520"
"002105.SZ","622520"
"002106.SZ","624520"
"002107.SZ","623520"
"002108.SZ","621510"
"002109.SZ","621510"
"002110.SZ","621510"
"002111.SZ","622010"
"002112.SZ","622010"
"002113.SZ","624510"
"002114.SZ","621510"
"002115.SZ","624520"
"300067.SZ","621510"
"300068.SZ","622010"
"300069.SZ","622010"
"300070.SZ","622020"
"300071.SZ","622540"
"300072.SZ","622020"
"300073.SZ","621510"
"300074.SZ","624510"
"300075.SZ","624510"
"300076.SZ","624520"
"300077.SZ","624530"
"300078.SZ","624520"
"300079.SZ","624510"
"300080.SZ","621510"
"300081.SZ","622550"
"300082.SZ","621510"
"300083.SZ","624520"
"300084.SZ","621010"
"300085.SZ","624510"
"300086.SZ","623520"
"300087.SZ","623020"
"300088.SZ","624520"
"300089.SZ","622520"
"300090.SZ","622020"
"300091.SZ","622010"
"300092.SZ","622010"
"300093.SZ","621510"
"300094.SZ","623020"
"300095.SZ","622010"
"300096.SZ","624510"
"300097.SZ","622010"
"300098.SZ","624510"
"300099.SZ","624520"
"300100.SZ","622510"
"300101.SZ","622010"
"300102.SZ","624530"
"300103.SZ","622010"
"300104.SZ","624510"
"300105.SZ","622010"
"300106.SZ","623020"
"300107.SZ","621510"
"300108.SZ","623520"
"300109.SZ","621510"
"300110.SZ","623520"
"300111.SZ","624530"
"300112.SZ","622010"
"300113.SZ","624510"
"300114.SZ","624520"
"300115.SZ","624520"
"300116.SZ","621510"
"300117.SZ","622010"
"300118.SZ","624530"
"300119.SZ","623520"
"300120.SZ","622010"
"300121.SZ","621510"
"300122.SZ","623520"
"300123.SZ","622010"
"300124.SZ","622010"
"300125.SZ","622010"
"300126.SZ","622010"
"300127.SZ","621510"
"300128.SZ","624520"
"300129.SZ","622010"
"300130.SZ","624520"
"300131.SZ","624520"
"300132.SZ","621510"
"300133.SZ","622540"
"300134.SZ","624520"
"300135.SZ","621510"
"300136.SZ","624520"
"600187.SH","625510"
"600188.SH","621010"
"600189.SH","621510"
"600190.SH","622030"
"600191.SH","623020"
"600192.SH","622010"
"600193.SH","622010"
"600195.SH","623520"
"600196.SH","623520"
"600197.SH","623020"
"600198.SH","624520"
"600199.SH","623020"
"600200.SH","622010"
"600201.SH","623520"
"600202.SH","622010"
"600203.SH","624520"
"600206.SH","621510"
"600207.SH","621510"
"600208.SH","626010"
"600209.SH","622010"
"600210.SH","621510"
"600211.SH","623510"
"600212.SH","622010"
"600213.SH","622510"
"600215.SH","626010"
"600216.SH","623520"
"600217.SH","622020"
"600218.SH","622010"
"600219.SH","621510"
"600220.SH","622520"
"600221.SH","622030"
"600222.SH","623520"
"600223.SH","626010"
"600225.SH","626010"
"600226.SH","621510"
"600227.SH","621510"
"600228.SH","621510"
"600229.SH","622540"
"600230.SH","621510"
"600231.SH","621510"
"600232.SH","622520"
"000036.SZ","626010"
"000037.SZ","625510"
"000038.SZ","622540"
"000039.SZ","622010"
"000040.SZ","625510"
"000042.SZ","626010"
"000043.SZ","626010"
"000045.SZ","624520"
"000046.SZ","626010"
"000048.SZ","623020"
"000049.SZ","622010"
"000050.SZ","624520"
"000055.SZ","622010"
"000056.SZ","626010"
"000058.SZ","626010"
"000059.SZ","621010"
"000060.SZ","621510"
"000061.SZ","623010"
"000062.SZ","626010"
"000063.SZ","624520"
"000065.SZ","622010"
"000066.SZ","624520"
"000068.SZ","622020"
"000069.SZ","622530"
"000070.SZ","624520"
"000078.SZ","623510"
"000088.SZ","622030"
"000089.SZ","622030"
"000090.SZ","622010"
"000096.SZ","621010"
"000099.SZ","622030"
"000100.SZ","622520"
"000150.SZ","623510"
"000151.SZ","622010"
"000153.SZ","623520"
"000155.SZ","621510"
"000156.SZ","622540"
"000157.SZ","622010"
"000158.SZ","622520"
"000159.SZ","621010"
"002116.SZ","622010"
"002117.SZ","622020"
"002118.SZ","623520"
"002119.SZ","624520"
"002120.SZ","622030"
"002121.SZ","622010"
"002122.SZ","622010"
"002123.SZ","624510"
"002124.SZ","623020"
"002125.SZ","621510"
"002126.SZ","622510"
"002127.SZ","622550"
"002128.SZ","621010"
"002129.SZ","624530"
"002130.SZ","622010"
"002131.SZ","622540"
"002132.SZ","621510"
"002133.SZ","626010"
"002134.SZ","624520"
"002135.SZ","622010"
"002136.SZ","621510"
"002137.SZ","624520"
"002138.SZ","624520"
"002139.SZ","624520"
"002140.SZ","622010"
"002141.SZ","622010"
"002142.SZ","624010"
"002143.SZ","622540"
"002144.SZ","622520"
"002145.SZ","621510"
"002146.SZ","626010"
"002147.SZ","626010"
"002148.SZ","624510"
"002149.SZ","621510"
"002150.SZ","622010"
"002151.SZ","622010"
"002152.SZ","624520"
"002153.SZ","624510"
"002154.SZ","622520"
"002155.SZ","621510"
"002156.SZ","624530"
"002157.SZ","623020"
"002158.SZ","622010"
"002159.SZ","622530"
"002160.SZ","621510"
"002161.SZ","624520"
"002162.SZ","622010"
"002163.SZ","622010"
"002164.SZ","622010"
"002165.SZ","621510"
"002166.SZ","623520"
"002167.SZ","621510"
"002168.SZ","622010"
"002169.SZ","622010"
"002170.SZ","621510"
"002171.SZ","621510"
"002172.SZ","621510"
"002173.SZ","623510"
"002174.SZ","624510"
"002175.SZ","622540"
"300137.SZ","624520"
"300138.SZ","623020"
"300139.SZ","624530"
"300140.SZ","622010"
"300141.SZ","622010"
"300142.SZ","623520"
"300143.SZ","623510"
"300144.SZ","622530"
"300145.SZ","622020"
"300146.SZ","623020"
"300147.SZ","623520"
"300148.SZ","622540"
"300149.SZ","623020"
"300150.SZ","624510"
"300151.SZ","622010"
"300152.SZ","622020"
"300153.SZ","622010"
"300154.SZ","622010"
"300155.SZ","624520"
"300156.SZ","622010"
"300157.SZ","621010"
"300158.SZ","623520"
"300159.SZ","622010"
"300160.SZ","622520"
"300161.SZ","622010"
"300162.SZ","624520"
"300163.SZ","621510"
"300164.SZ","621010"
"300165.SZ","624520"
"300166.SZ","624510"
"300167.SZ","624510"
"300168.SZ","624510"
"300169.SZ","621510"
"300170.SZ","624510"
"300171.SZ","622010"
"300172.SZ","622020"
"300173.SZ","622010"
"300174.SZ","621510"
"300175.SZ","623020"
"300176.SZ","622510"
"300177.SZ","622010"
"300178.SZ","622530"
"300179.SZ","621510"
"300180.SZ","621510"
"300181.SZ","623520"
"300182.SZ","624510"
"300183.SZ","624530"
"300184.SZ","624520"
"300185.SZ","622010"
"300187.SZ","622020"
"300188.SZ","624510"
"300189.SZ","623020"
"300190.SZ","622020"
"300191.SZ","621010"
"300192.SZ","621510"
"300193.SZ","622010"
"300194.SZ","623520"
"300195.SZ","622010"
"300196.SZ","621510"
"300197.SZ","622010"
"300198.SZ","621510"
"300199.SZ","623520"
"300200.SZ","621510"
"300201.SZ","622010"
"300202.SZ","624520"
"300203.SZ","624520"
"300204.SZ","623520"
"600233.SH","622030"
"600234.SH","626010"
"600235.SH","621510"
"600236.SH","625510"
"600237.SH","624520"
"600238.SH","623020"
"600239.SH","626010"
"600240.SH","626010"
"600241.SH","622550"
"600242.SH","624510"
"600243.SH","622010"
"600246.SH","626010"
"600247.SH","622010"
"600248.SH","622010"
"600249.SH","623030"
"600250.SH","622550"
"600251.SH","623020"
"600252.SH","623520"
"600255.SH","621510"
"600256.SH","621010"
"600257.SH","623020"
"600258.SH","622530"
"600259.SH","621510"
"600260.SH","624520"
"600261.SH","622520"
"600262.SH","622010"
"600265.SH","621510"
"600266.SH","626010"
"600267.SH","623520"
"600268.SH","622010"
"600269.SH","622030"
"600270.SH","622030"
"600271.SH","624520"
"600272.SH","623510"
"600273.SH","621510"
"600275.SH","623020"
"600276.SH","623520"
"000166.SZ","624020"
"000301.SZ","625510"
"000333.SZ","622520"
"000338.SZ","622010"
"000400.SZ","622010"
"000401.SZ","621510"
"000402.SZ","626010"
"000403.SZ","623520"
"000404.SZ","622010"
"000407.SZ","625510"
"000408.SZ","621510"
"000409.SZ","622010"
"000410.SZ","622010"
"000411.SZ","623510"
"000413.SZ","624520"
"000415.SZ","624020"
"000416.SZ","624020"
"000417.SZ","622550"
"000418.SZ","622520"
"000419.SZ","622550"
"000420.SZ","621510"
"000421.SZ","625510"
"000422.SZ","621510"
"000423.SZ","623520"
"000425.SZ","622010"
"000426.SZ","621510"
"000428.SZ","622530"
"000429.SZ","622030"
"000430.SZ","622530"
"000488.SZ","621510"
"000498.SZ","622010"
"000501.SZ","622550"
"000502.SZ","626010"
"002176.SZ","622010"
"002177.SZ","624520"
"002178.SZ","624510"
"002179.SZ","624520"
"002180.SZ","624530"
"002181.SZ","622540"
"002182.SZ","621510"
"002183.SZ","622030"
"002184.SZ","622010"
"002185.SZ","624530"
"002186.SZ","622530"
"002187.SZ","622550"
"002188.SZ","622540"
"002189.SZ","624520"
"002190.SZ","622010"
"002191.SZ","622020"
"002192.SZ","621510"
"002193.SZ","622520"
"002194.SZ","624520"
"002195.SZ","624510"
"002196.SZ","622010"
"002197.SZ","624520"
"002198.SZ","623520"
"002199.SZ","624520"
"002200.SZ","622010"
"002201.SZ","621510"
"002202.SZ","622010"
"002203.SZ","621510"
"002204.SZ","622010"
"002205.SZ","621510"
"002206.SZ","621510"
"002207.SZ","621010"
"002208.SZ","626010"
"002209.SZ","622010"
"002210.SZ","622030"
"002211.SZ","621510"
"002212.SZ","622010"
"002213.SZ","622510"
"002214.SZ","624520"
"002215.SZ","621510"
"002216.SZ","623020"
"002217.SZ","624520"
"002218.SZ","624530"
"002219.SZ","623520"
"002220.SZ","623020"
"002221.SZ","621010"
"002222.SZ","624520"
"002223.SZ","623510"
"002224.SZ","621510"
"002225.SZ","621510"
"002226.SZ","621510"
"002227.SZ","622010"
"002228.SZ","621510"
"002229.SZ","622020"
"002230.SZ","624510"
"002231.SZ","624520"
"002232.SZ","624510"
"002233.SZ","621510"
"002234.SZ","623020"
"002235.SZ","621510"
"002236.SZ","624520"
"002237.SZ","621510"
"002238.SZ","622540"
"002239.SZ","622510"
"002240.SZ","621510"
"002241.SZ","624520"
"300205.SZ","624520"
"300206.SZ","623510"
"300207.SZ","622010"
"300208.SZ","622010"
"300209.SZ","624510"
"300210.SZ","622010"
"300211.SZ","624520"
"300212.SZ","624510"
"300213.SZ","624520"
"300214.SZ","621510"
"300215.SZ","622020"
"300216.SZ","622010"
"300217.SZ","622520"
"300218.SZ","621510"
"300219.SZ","624520"
"300220.SZ","624520"
"300221.SZ","621510"
"300222.SZ","622010"
"300223.SZ","624530"
"300224.SZ","621510"
"300225.SZ","621510"
"300226.SZ","624510"
"300227.SZ","624520"
"300228.SZ","622010"
"300229.SZ","624510"
"300230.SZ","622010"
"300231.SZ","624510"
"300232.SZ","624520"
"300233.SZ","623520"
"300234.SZ","622010"
"300235.SZ","624510"
"300236.SZ","621510"
"300237.SZ","622010"
"300238.SZ","623520"
"300239.SZ","623520"
"300240.SZ","622030"
"300241.SZ","624530"
"300242.SZ","622540"
"300243.SZ","621510"
"300244.SZ","623510"
"300245.SZ","624510"
"300246.SZ","623510"
"300247.SZ","622520"
"300248.SZ","624510"
"300249.SZ","622020"
"300250.SZ","624520"
"300251.SZ","622540"
"300252.SZ","624520"
"300253.SZ","624510"
"300254.SZ","623520"
"300255.SZ","623520"
"300256.SZ","624520"
"300257.SZ","622010"
"300258.SZ","622510"
"300259.SZ","622010"
"300260.SZ","622010"
"300261.SZ","621510"
"300262.SZ","622020"
"300263.SZ","622010"
"300264.SZ","624510"
"300265.SZ","622010"
"300266.SZ","622020"
"300267.SZ","623520"
"300268.SZ","623020"
"300269.SZ","622540"
"600277.SH","621510"
"600278.SH","622550"
"600279.SH","622030"
"600280.SH","622550"
"600281.SH","621510"
"600282.SH","621510"
"600283.SH","625510"
"600284.SH","622010"
"600285.SH","623520"
"600287.SH","622550"
"600288.SH","624520"
"600289.SH","624510"
"600290.SH","622010"
"600291.SH","624030"
"600292.SH","622020"
"600293.SH","621510"
"600295.SH","622010"
"600297.SH","622550"
"600298.SH","623020"
"600299.SH","623520"
"600300.SH","623020"
"600301.SH","621510"
"600302.SH","622010"
"600303.SH","622510"
"600305.SH","623020"
"600306.SH","622550"
"600307.SH","621510"
"600308.SH","621510"
"600309.SH","621510"
"600310.SH","625510"
"600311.SH","621510"
"600312.SH","622010"
"600313.SH","622010"
"600315.SH","623030"
"600316.SH","622010"
"600317.SH","622030"
"600318.SH","624020"
"600319.SH","621510"
"600320.SH","622010"
"600321.SH","622010"
"600322.SH","626010"
"600323.SH","625510"
"600325.SH","626010"
"600326.SH","622010"
"600327.SH","622550"
"600328.SH","621510"
"600329.SH","623520"
"600330.SH","621510"
"600331.SH","621510"
"600332.SH","623520"
"600333.SH","625510"
"000503.SZ","624510"
"000504.SZ","623520"
"000505.SZ","623020"
"000506.SZ","626010"
"000507.SZ","622030"
"000509.SZ","622010"
"000510.SZ","621510"
"000511.SZ","621510"
"000513.SZ","623520"
"000514.SZ","626010"
"000516.SZ","622550"
"000517.SZ","626010"
"000518.SZ","623520"
"000519.SZ","622010"
"000520.SZ","622030"
"000521.SZ","622520"
"000523.SZ","623030"
"000524.SZ","622530"
"000525.SZ","621510"
"000526.SZ","622530"
"000528.SZ","622010"
"000529.SZ","623020"
"000530.SZ","622010"
"000531.SZ","625510"
"000532.SZ","624520"
"000533.SZ","622520"
"000534.SZ","626010"
"000536.SZ","624520"
"000537.SZ","626010"
"000538.SZ","623520"
"002242.SZ","622520"
"002243.SZ","621510"
"002244.SZ","626010"
"002245.SZ","622030"
"002246.SZ","621510"
"002247.SZ","624510"
"002248.SZ","622010"
"002249.SZ","622010"
"002250.SZ","621510"
"002251.SZ","623010"
"002252.SZ","623520"
"002253.SZ","624510"
"002254.SZ","621510"
"002255.SZ","622010"
"002256.SZ","621510"
"002258.SZ","621510"
"002259.SZ","625510"
"002260.SZ","622010"
"002261.SZ","622530"
"002262.SZ","623520"
"002263.SZ","621510"
"002264.SZ","623010"
"002265.SZ","622510"
"002266.SZ","622010"
"002267.SZ","621010"
"002268.SZ","624520"
"002269.SZ","622520"
"002270.SZ","622010"
"002271.SZ","621510"
"002272.SZ","622010"
"002273.SZ","624520"
"002274.SZ","621510"
"002275.SZ","623520"
"002276.SZ","622010"
"002277.SZ","622550"
"002278.SZ","621010"
"002279.SZ","624510"
"002280.SZ","624510"
"002281.SZ","624520"
"002282.SZ","622010"
"002283.SZ","622510"
"002284.SZ","622510"
"002285.SZ","626010"
"002286.SZ","623020"
"002287.SZ","623520"
"002288.SZ","624520"
"002289.SZ","624520"
"002290.SZ","622520"
"002291.SZ","622520"
"002292.SZ","622520"
"002293.SZ","622520"
"002294.SZ","623520"
"002295.SZ","621510"
"002296.SZ","624510"
"002297.SZ","622010"
"002298.SZ","624510"
"002299.SZ","623020"
"002300.SZ","622010"
"002301.SZ","622020"
"002302.SZ","621510"
"002303.SZ","621510"
"002304.SZ","623020"
"300270.SZ","624520"
"300271.SZ","624510"
"300272.SZ","622010"
"300273.SZ","623510"
"300274.SZ","622010"
"300275.SZ","624520"
"300276.SZ","622010"
"300277.SZ","624510"
"300278.SZ","622010"
"300279.SZ","624520"
"300280.SZ","622010"
"300281.SZ","622010"
"300282.SZ","624520"
"300283.SZ","624520"
"300284.SZ","622020"
"300285.SZ","621510"
"300286.SZ","622010"
"300287.SZ","624510"
"300288.SZ","624510"
"300289.SZ","623520"
"300290.SZ","624510"
"300291.SZ","622540"
"300292.SZ","624510"
"300293.SZ","622010"
"300294.SZ","623520"
"300295.SZ","624510"
"300296.SZ","624520"
"300297.SZ","624510"
"300298.SZ","623510"
"300299.SZ","624510"
"300300.SZ","624510"
"300301.SZ","624530"
"300302.SZ","624510"
"300303.SZ","624530"
"300304.SZ","622510"
"300305.SZ","621510"
"300306.SZ","622010"
"300307.SZ","622010"
"300308.SZ","622010"
"300309.SZ","621010"
"300310.SZ","624520"
"300311.SZ","624510"
"300312.SZ","624520"
"300313.SZ","623020"
"300314.SZ","623510"
"300315.SZ","624510"
"300316.SZ","624530"
"300317.SZ","622010"
"300318.SZ","623520"
"300319.SZ","624520"
"300320.SZ","621510"
"300321.SZ","621510"
"300322.SZ","624520"
"300323.SZ","624530"
"300324.SZ","624510"
"300325.SZ","621510"
"300326.SZ","623510"
"300327.SZ","624530"
"300328.SZ","621510"
"300329.SZ","622520"
"300330.SZ","624520"
"300331.SZ","624520"
"300332.SZ","625510"
"300333.SZ","624520"
"300334.SZ","622010"
"300335.SZ","622020"
"300336.SZ","622540"
"300337.SZ","621510"
"600335.SH","622550"
"600336.SH","622520"
"600337.SH","622520"
"600338.SH","621510"
"600339.SH","621010"
"600340.SH","626010"
"600343.SH","622010"
"600345.SH","624520"
"600346.SH","621510"
"600348.SH","621010"
"600350.SH","622030"
"600351.SH","623520"
"600352.SH","621510"
"600353.SH","624520"
"600354.SH","623020"
"600355.SH","624520"
"600356.SH","621510"
"600358.SH","622530"
"600359.SH","623020"
"600360.SH","624530"
"600361.SH","623010"
"600362.SH","621510"
"600363.SH","624520"
"600365.SH","623020"
"600366.SH","621510"
"600367.SH","621510"
"600368.SH","622030"
"600369.SH","624020"
"600370.SH","622520"
"600371.SH","623020"
"600372.SH","622010"
"600373.SH","622540"
"600375.SH","622010"
"600376.SH","626010"
"600377.SH","622030"
"600378.SH","621510"
"600379.SH","622010"
"600380.SH","623520"
"600381.SH","623020"
"600382.SH","622010"
"600383.SH","626010"
"600385.SH","622520"
"600386.SH","622550"
"600387.SH","621010"
"600388.SH","622010"
"600389.SH","621510"
"000539.SZ","625510"
"000540.SZ","626010"
"000541.SZ","622520"
"000543.SZ","625510"
"000544.SZ","625510"
"000545.SZ","621510"
"000546.SZ","621510"
"000547.SZ","624520"
"000548.SZ","622030"
"000550.SZ","622510"
"000551.SZ","622010"
"000552.SZ","621010"
"000553.SZ","621510"
"000554.SZ","621010"
"000555.SZ","624510"
"000557.SZ","622030"
"000558.SZ","622530"
"000559.SZ","622510"
"000560.SZ","622550"
"000561.SZ","624520"
"000563.SZ","624020"
"000564.SZ","622550"
"000565.SZ","621510"
"000566.SZ","623520"
"000567.SZ","626010"
"000568.SZ","623020"
"000570.SZ","622010"
"000571.SZ","622010"
"000572.SZ","622510"
"000573.SZ","626010"
"000576.SZ","621510"
"000581.SZ","622510"
"000582.SZ","622030"
"000584.SZ","621510"
"000585.SZ","622010"
"000586.SZ","624520"
"002305.SZ","626010"
"002306.SZ","622530"
"002307.SZ","622010"
"002308.SZ","624520"
"002309.SZ","622010"
"002310.SZ","622020"
"002311.SZ","623020"
"002312.SZ","624520"
"002313.SZ","624520"
"002314.SZ","626010"
"002315.SZ","624510"
"002316.SZ","624520"
"002317.SZ","623520"
"002318.SZ","621510"
"002319.SZ","621510"
"002320.SZ","622030"
"002321.SZ","623020"
"002322.SZ","622010"
"002323.SZ","622010"
"002324.SZ","621510"
"002325.SZ","622010"
"002326.SZ","621510"
"002327.SZ","622520"
"002328.SZ","622510"
"002329.SZ","623020"
"002330.SZ","623020"
"002331.SZ","624510"
"002332.SZ","623520"
"002333.SZ","622010"
"002334.SZ","622010"
"002335.SZ","622010"
"002336.SZ","623010"
"002337.SZ","622010"
"002338.SZ","622010"
"002339.SZ","622010"
"002340.SZ","621510"
"002341.SZ","621510"
"002342.SZ","622010"
"002343.SZ","622540"
"002344.SZ","626010"
"002345.SZ","622520"
"002346.SZ","622010"
"002347.SZ","622010"
"002348.SZ","622520"
"002349.SZ","623520"
"002350.SZ","622010"
"002351.SZ","622520"
"002352.SZ","622030"
"002353.SZ","621010"
"002354.SZ","624510"
"002355.SZ","622510"
"002356.SZ","622550"
"002357.SZ","622030"
"002358.SZ","622010"
"002359.SZ","622010"
"002360.SZ","621510"
"002361.SZ","621510"
"002362.SZ","624510"
"002363.SZ","622510"
"300338.SZ","624520"
"300339.SZ","624510"
"300340.SZ","621510"
"300341.SZ","622010"
"300342.SZ","622010"
"300343.SZ","622540"
"300344.SZ","622010"
"300345.SZ","622010"
"300346.SZ","624530"
"300347.SZ","623520"
"300348.SZ","624510"
"300349.SZ","622010"
"300350.SZ","622030"
"300351.SZ","624520"
"300352.SZ","624510"
"300353.SZ","624520"
"300354.SZ","624520"
"300355.SZ","622010"
"300356.SZ","622010"
"300357.SZ","623520"
"300358.SZ","622010"
"300359.SZ","622530"
"300360.SZ","622010"
"300362.SZ","622020"
"300363.SZ","623520"
"300364.SZ","622540"
"300365.SZ","624510"
"300366.SZ","624510"
"300367.SZ","624520"
"300368.SZ","624520"
"300369.SZ","624510"
"300370.SZ","622010"
"300371.SZ","622010"
"300373.SZ","624530"
"300374.SZ","622010"
"300375.SZ","622510"
"300376.SZ","622010"
"300377.SZ","624510"
"300378.SZ","624510"
"300379.SZ","624510"
"300380.SZ","624510"
"300381.SZ","623520"
"300382.SZ","622010"
"300383.SZ","624510"
"300384.SZ","622020"
"300385.SZ","622020"
"300386.SZ","624520"
"300387.SZ","621510"
"300388.SZ","622020"
"300389.SZ","624530"
"300390.SZ","624520"
"300391.SZ","622010"
"300392.SZ","622540"
"300393.SZ","624530"
"300394.SZ","624520"
"300395.SZ","621510"
"300396.SZ","623510"
"300397.SZ","622010"
"300398.SZ","621510"
"300399.SZ","624510"
"300400.SZ","622010"
"300401.SZ","623520"
"300402.SZ","622010"
"300403.SZ","622010"
"300404.SZ","623520"
"300405.SZ","621510"
"300406.SZ","623520"
"300407.SZ","622010"
"300408.SZ","624520"
"600390.SH","624020"
"600391.SH","622010"
"600392.SH","621510"
"600393.SH","626010"
"600395.SH","621010"
"600396.SH","625510"
"600397.SH","621010"
"600398.SH","622520"
"600399.SH","621510"
"600400.SH","622520"
"600401.SH","624530"
"600403.SH","621010"
"600405.SH","622010"
"600406.SH","622010"
"600408.SH","621010"
"600409.SH","621510"
"600410.SH","624510"
"600415.SH","626010"
"600416.SH","622010"
"600418.SH","622510"
"600419.SH","623020"
"600420.SH","623520"
"600421.SH","622010"
"600422.SH","623520"
"600423.SH","621510"
"600425.SH","621510"
"600426.SH","621510"
"600428.SH","622030"
"600429.SH","623020"
"600432.SH","621510"
"600433.SH","621510"
"600435.SH","622010"
"600436.SH","623520"
"600438.SH","623020"
"600439.SH","623030"
"600444.SH","622010"
"600446.SH","624510"
"600448.SH","622520"
"600449.SH","621510"
"600452.SH","625510"
"600455.SH","622010"
"600456.SH","621510"
"600458.SH","621510"
"600459.SH","621510"
"600460.SH","624530"
"600461.SH","625510"
"600462.SH","624520"
"600463.SH","622010"
"600466.SH","626010"
"000587.SZ","622520"
"000589.SZ","622510"
"000590.SZ","623520"
"000591.SZ","625510"
"000592.SZ","621510"
"000593.SZ","625510"
"000595.SZ","622010"
"000596.SZ","623020"
"000597.SZ","623520"
"000598.SZ","625510"
"000599.SZ","622510"
"000600.SZ","625510"
"000601.SZ","625510"
"000603.SZ","621510"
"000605.SZ","625510"
"000606.SZ","624510"
"000607.SZ","622540"
"000608.SZ","626010"
"000609.SZ","626010"
"000610.SZ","622530"
"000611.SZ","622520"
"000612.SZ","621510"
"000613.SZ","622530"
"000615.SZ","626010"
"000616.SZ","626010"
"000617.SZ","624020"
"002364.SZ","622010"
"002365.SZ","623520"
"002366.SZ","622010"
"002367.SZ","622010"
"002368.SZ","624510"
"002369.SZ","624520"
"002370.SZ","623520"
"002371.SZ","624530"
"002372.SZ","622010"
"002373.SZ","624510"
"002374.SZ","622010"
"002375.SZ","622010"
"002376.SZ","624520"
"002377.SZ","621510"
"002378.SZ","621510"
"002379.SZ","621510"
"002380.SZ","622010"
"002381.SZ","621510"
"002382.SZ","623510"
"002383.SZ","622010"
"002384.SZ","624520"
"002385.SZ","623020"
"002386.SZ","621510"
"002387.SZ","624520"
"002388.SZ","624520"
"002389.SZ","624520"
"002390.SZ","623520"
"002391.SZ","621510"
"002392.SZ","621510"
"002393.SZ","623520"
"002394.SZ","622520"
"002395.SZ","621510"
"002396.SZ","624520"
"002397.SZ","622520"
"002398.SZ","621510"
"002399.SZ","623520"
"002400.SZ","622540"
"002401.SZ","624510"
"002402.SZ","624520"
"002403.SZ","622520"
"002404.SZ","622520"
"002405.SZ","624510"
"002406.SZ","622510"
"002407.SZ","621510"
"002408.SZ","621510"
"002409.SZ","621510"
"002410.SZ","624510"
"002411.SZ","623520"
"002412.SZ","623520"
"002413.SZ","622010"
"002414.SZ","624520"
"002415.SZ","624520"
"002416.SZ","624520"
"002417.SZ","624020"
"002418.SZ","622010"
"002419.SZ","622550"
"002420.SZ","622520"
"002421.SZ","624510"
"002422.SZ","623520"
"002423.SZ","622010"
"002424.SZ","623520"
"002425.SZ","624510"
"002426.SZ","624520"
"002427.SZ","621510"
"300409.SZ","621510"
"300410.SZ","624520"
"300411.SZ","622010"
"300412.SZ","622010"
"300413.SZ","622550"
"300414.SZ","622010"
"300415.SZ","622010"
"300416.SZ","622010"
"300417.SZ","624520"
"300418.SZ","624510"
"300419.SZ","624510"
"300420.SZ","622010"
"300421.SZ","622010"
"300422.SZ","622020"
"300423.SZ","622010"
"300424.SZ","622010"
"300425.SZ","622010"
"300426.SZ","622540"
"300427.SZ","622010"
"300428.SZ","621510"
"300429.SZ","621510"
"300430.SZ","622010"
"300431.SZ","624510"
"300432.SZ","622510"
"300433.SZ","624520"
"300434.SZ","622010"
"300435.SZ","622010"
"300436.SZ","623520"
"300437.SZ","621510"
"300438.SZ","622010"
"300439.SZ","623520"
"300440.SZ","624510"
"300441.SZ","622010"
"300442.SZ","622010"
"300443.SZ","622010"
"300444.SZ","622010"
"300445.SZ","622010"
"300446.SZ","621510"
"300447.SZ","622010"
"300448.SZ","624510"
"300449.SZ","624520"
"300450.SZ","622010"
"300451.SZ","624510"
"300452.SZ","623520"
"300453.SZ","623510"
"300455.SZ","624520"
"300456.SZ","622010"
"300457.SZ","622010"
"300458.SZ","624530"
"300459.SZ","624510"
"300460.SZ","624520"
"300461.SZ","622010"
"300462.SZ","624520"
"300463.SZ","623520"
"300464.SZ","622010"
"300465.SZ","624510"
"300466.SZ","622010"
"300467.SZ","624510"
"300468.SZ","624510"
"300469.SZ","624510"
"300470.SZ","622010"
"300471.SZ","622010"
"300472.SZ","622010"
"300473.SZ","622510"
"300474.SZ","622010"
"300475.SZ","622010"
"300476.SZ","624520"
"300477.SZ","622010"
"300478.SZ","621510"
"300479.SZ","624520"
"300480.SZ","622010"
"300481.SZ","621510"
"300482.SZ","623520"
"600467.SH","623020"
"600468.SH","622010"
"600469.SH","622510"
"600470.SH","621510"
"600475.SH","622010"
"600476.SH","624510"
"600477.SH","622010"
"600478.SH","624520"
"600479.SH","623520"
"600480.SH","622510"
"600481.SH","622010"
"600482.SH","622010"
"600483.SH","625510"
"600485.SH","624520"
"600486.SH","621510"
"600487.SH","624520"
"600488.SH","623520"
"600489.SH","621510"
"600490.SH","621510"
"600491.SH","622010"
"600493.SH","622520"
"600495.SH","622010"
"600496.SH","622010"
"600497.SH","621510"
"600498.SH","624520"
"600499.SH","622010"
"600500.SH","621510"
"600501.SH","622010"
"600502.SH","622010"
"600503.SH","626010"
"600505.SH","625510"
"600506.SH","623020"
"600507.SH","621510"
"600508.SH","621010"
"600509.SH","625510"
"600510.SH","626010"
"600511.SH","623510"
"600512.SH","622010"
"600513.SH","623520"
"600515.SH","626010"
"600516.SH","621510"
"600517.SH","622010"
"600518.SH","623520"
"600519.SH","623020"
"600520.SH","622010"
"600521.SH","623520"
"600522.SH","624520"
"000619.SZ","622010"
"000620.SZ","626010"
"000622.SZ","622510"
"000623.SZ","623520"
"000625.SZ","622510"
"000626.SZ","622010"
"000627.SZ","624030"
"000628.SZ","622010"
"000629.SZ","621510"
"000630.SZ","621510"
"000631.SZ","626010"
"000632.SZ","622010"
"000633.SZ","621510"
"000635.SZ","621510"
"000636.SZ","624520"
"000637.SZ","621510"
"000638.SZ","622010"
"000639.SZ","623020"
"000650.SZ","623520"
"000651.SZ","622520"
"000652.SZ","622010"
"000655.SZ","621510"
"000656.SZ","626010"
"000657.SZ","621510"
"000659.SZ","621510"
"000661.SZ","623520"
"000662.SZ","624510"
"000663.SZ","622520"
"000665.SZ","622540"
"000666.SZ","622010"
"000667.SZ","626010"
"000668.SZ","626010"
"000669.SZ","625510"
"000670.SZ","624530"
"002428.SZ","621510"
"002429.SZ","622520"
"002430.SZ","622010"
"002431.SZ","622010"
"002432.SZ","623510"
"002433.SZ","623520"
"002434.SZ","622510"
"002435.SZ","622010"
"002436.SZ","624520"
"002437.SZ","623520"
"002438.SZ","622010"
"002439.SZ","624510"
"002440.SZ","621510"
"002441.SZ","622010"
"002442.SZ","621510"
"002443.SZ","621510"
"002444.SZ","622010"
"002445.SZ","622540"
"002446.SZ","624520"
"002447.SZ","622540"
"002448.SZ","622510"
"002449.SZ","624530"
"002450.SZ","621510"
"002451.SZ","622010"
"002452.SZ","622010"
"002453.SZ","621510"
"002454.SZ","622510"
"002455.SZ","621510"
"002456.SZ","624520"
"002457.SZ","621510"
"002458.SZ","623020"
"002459.SZ","622010"
"002460.SZ","621510"
"002461.SZ","623020"
"002462.SZ","623510"
"002463.SZ","624520"
"002464.SZ","624510"
"002465.SZ","624520"
"002466.SZ","621510"
"002467.SZ","625010"
"002468.SZ","622030"
"002469.SZ","622010"
"002470.SZ","621510"
"002471.SZ","622010"
"002472.SZ","622010"
"002473.SZ","622520"
"002474.SZ","624510"
"002475.SZ","624520"
"002476.SZ","621510"
"002477.SZ","623020"
"002478.SZ","621510"
"002479.SZ","625510"
"002480.SZ","622010"
"002481.SZ","623020"
"002482.SZ","622010"
"002483.SZ","622010"
"002484.SZ","624520"
"002485.SZ","622520"
"002486.SZ","622520"
"002487.SZ","622010"
"002488.SZ","622510"
"002489.SZ","622520"
"002490.SZ","621010"
"002491.SZ","624520"
"002492.SZ","622030"
"002493.SZ","621510"
"002494.SZ","622520"
"002495.SZ","623020"
"300483.SZ","622520"
"300484.SZ","622010"
"300485.SZ","623520"
"300486.SZ","622010"
"300487.SZ","621510"
"300488.SZ","622010"
"300489.SZ","621510"
"300490.SZ","622010"
"300491.SZ","622010"
"300492.SZ","622020"
"300493.SZ","624520"
"300494.SZ","624510"
"300495.SZ","622010"
"300496.SZ","624510"
"300497.SZ","623520"
"300498.SZ","623020"
"300499.SZ","622010"
"300500.SZ","622020"
"300501.SZ","621510"
"300502.SZ","624520"
"300503.SZ","622010"
"300504.SZ","624520"
"300505.SZ","621510"
"300506.SZ","622010"
"300507.SZ","622510"
"300508.SZ","622010"
"300509.SZ","622010"
"300510.SZ","622010"
"300511.SZ","623020"
"300512.SZ","622010"
"300513.SZ","624510"
"300514.SZ","624520"
"300515.SZ","622010"
"300516.SZ","624520"
"300517.SZ","622010"
"300518.SZ","624510"
"300519.SZ","623520"
"300520.SZ","624510"
"300521.SZ","622010"
"300522.SZ","621510"
"300523.SZ","624510"
"300525.SZ","624510"
"300526.SZ","622520"
"300527.SZ","622010"
"300528.SZ","622540"
"300529.SZ","623510"
"300530.SZ","621510"
"300531.SZ","624520"
"300532.SZ","622010"
"300533.SZ","624510"
"300534.SZ","623520"
"300535.SZ","621510"
"300536.SZ","622010"
"300537.SZ","621510"
"300538.SZ","622010"
"300539.SZ","621510"
"300540.SZ","622010"
"300541.SZ","624510"
"300542.SZ","624510"
"300543.SZ","624520"
"300545.SZ","622010"
"300546.SZ","624520"
"300547.SZ","622510"
"300548.SZ","624520"
"300549.SZ","622010"
"300550.SZ","624510"
"300551.SZ","624520"
"300552.SZ","624520"
"300553.SZ","624520"
"300554.SZ","621510"
"300555.SZ","624520"
"300556.SZ","624510"
"300557.SZ","624520"
"300558.SZ","623520"
"600523.SH","622510"
"600525.SH","622010"
"600526.SH","622010"
"600527.SH","621510"
"600528.SH","622010"
"600529.SH","621510"
"600530.SH","623020"
"600531.SH","621510"
"600532.SH","621510"
"600533.SH","626010"
"600535.SH","623520"
"600536.SH","624510"
"600537.SH","624530"
"600538.SH","623520"
"600539.SH","621510"
"600540.SH","623020"
"600543.SH","623020"
"600545.SH","622010"
"600546.SH","621010"
"600547.SH","621510"
"600548.SH","622030"
"600549.SH","621510"
"600550.SH","622010"
"600551.SH","622540"
"600552.SH","624520"
"600555.SH","626010"
"600556.SH","624510"
"600557.SH","623520"
"600558.SH","621510"
"600559.SH","623020"
"600560.SH","622010"
"600561.SH","622030"
"600562.SH","622010"
"600563.SH","624520"
"600565.SH","626010"
"600566.SH","623520"
"600567.SH","621510"
"600568.SH","623510"
"600569.SH","621510"
"600570.SH","624510"
"600571.SH","624510"
"600572.SH","623520"
"600573.SH","623020"
"600575.SH","622010"
"000671.SZ","626010"
"000672.SZ","621510"
"000673.SZ","622540"
"000676.SZ","624510"
"000677.SZ","621510"
"000678.SZ","622010"
"000679.SZ","622550"
"000680.SZ","622010"
"000681.SZ","622540"
"000682.SZ","622010"
"000683.SZ","621510"
"000685.SZ","625510"
"000686.SZ","624020"
"000687.SZ","622010"
"000688.SZ","621510"
"000690.SZ","625510"
"000691.SZ","626010"
"000692.SZ","625510"
"000693.SZ","621510"
"000695.SZ","625510"
"000697.SZ","621510"
"000698.SZ","621510"
"000700.SZ","622510"
"000701.SZ","622010"
"000702.SZ","623020"
"000703.SZ","621510"
"000705.SZ","623510"
"000707.SZ","621510"
"000708.SZ","621510"
"000709.SZ","621510"
"000710.SZ","623520"
"000711.SZ","622020"
"000712.SZ","624020"
"000713.SZ","623020"
"000715.SZ","622550"
"002496.SZ","621510"
"002497.SZ","621510"
"002498.SZ","622010"
"002499.SZ","625510"
"002500.SZ","624020"
"002501.SZ","621510"
"002502.SZ","622540"
"002503.SZ","622520"
"002504.SZ","622010"
"002505.SZ","623020"
"002506.SZ","624530"
"002507.SZ","623020"
"002508.SZ","622520"
"002509.SZ","622010"
"002510.SZ","622510"
"002511.SZ","623030"
"002512.SZ","622520"
"002513.SZ","621510"
"002514.SZ","622010"
"002515.SZ","623020"
"002516.SZ","622510"
"002517.SZ","624510"
"002518.SZ","622010"
"002519.SZ","622520"
"002520.SZ","622010"
"002521.SZ","621510"
"002522.SZ","621510"
"002523.SZ","622010"
"002524.SZ","625510"
"002526.SZ","622010"
"002527.SZ","622010"
"002528.SZ","624520"
"002529.SZ","622010"
"002530.SZ","624510"
"002531.SZ","622010"
"002532.SZ","622010"
"002533.SZ","622010"
"002534.SZ","622010"
"002535.SZ","622010"
"002536.SZ","622510"
"002537.SZ","622510"
"002538.SZ","621510"
"002539.SZ","621510"
"002540.SZ","621510"
"002541.SZ","622010"
"002542.SZ","622010"
"002543.SZ","622520"
"002544.SZ","624510"
"002545.SZ","622010"
"002546.SZ","622010"
"002547.SZ","622010"
"002548.SZ","623020"
"002549.SZ","621510"
"002550.SZ","623520"
"002551.SZ","623510"
"002552.SZ","622010"
"002553.SZ","622010"
"002554.SZ","621010"
"002555.SZ","624510"
"002556.SZ","621510"
"002557.SZ","623020"
"603685.SH","622520"
"603686.SH","622010"
"603688.SH","621510"
"603689.SH","621010"
"603690.SH","622010"
"603696.SH","623020"
"603698.SH","622010"
"603699.SH","622010"
"603701.SH","622510"
"603703.SH","622010"
"603707.SH","623520"
"603708.SH","623010"
"603709.SH","622520"
"603711.SH","623020"
"603712.SH","624520"
"603716.SH","623510"
"603717.SH","622010"
"603718.SH","623520"
"603721.SH","622540"
"603722.SH","621510"
"603725.SH","621510"
"603726.SH","622010"
"603727.SH","621010"
"603728.SH","622010"
"603729.SH","622540"
"603730.SH","622510"
"603737.SH","621510"
"603738.SH","624520"
"603757.SH","622010"
"603758.SH","622510"
"603766.SH","622510"
"603767.SH","622510"
"603768.SH","622510"
"603776.SH","622020"
"603777.SH","623010"
"603778.SH","622010"
"603779.SH","623020"
"603787.SH","622520"
"603788.SH","622510"
"603789.SH","622010"
"603797.SH","622020"
"603798.SH","621010"
"603799.SH","621510"
"603800.SH","621010"
"603801.SH","622520"
"603803.SH","624520"
"603806.SH","624530"
"603808.SH","622520"
"603809.SH","622510"
"603811.SH","623520"
"603813.SH","622030"
"603816.SH","622520"
"603817.SH","625510"
"603818.SH","622520"
"603819.SH","622010"
"603822.SH","621510"
"603823.SH","621510"
"603825.SH","622540"
"603826.SH","621510"
"603828.SH","622010"
"603829.SH","622010"
"603833.SH","622520"
"603838.SH","622520"
"603839.SH","622520"
"603843.SH","622010"
"603848.SH","622520"
"603855.SH","622010"
"603856.SH","622010"
"603858.SH","623520"
"603859.SH","622010"
"603860.SH","622020"
"603861.SH","622010"
"603866.SH","623020"
"603868.SH","622520"
"603869.SH","622530"
"603871.SH","622030"
"603877.SH","622520"
"603878.SH","621510"
"603879.SH","621510"
"603880.SH","623510"
"603881.SH","624510"
"603882.SH","623510"
"603883.SH","623010"
"603885.SH","622030"
"603886.SH","623020"
"603887.SH","622010"
"603888.SH","624510"
"603889.SH","622520"
"603890.SH","624520"
"603895.SH","622010"
"603896.SH","623520"
"603898.SH","622520"
"603899.SH","622020"
"603900.SH","622520"
"603901.SH","622010"
"603903.SH","622020"
"603906.SH","621010"
"603908.SH","622520"
"603909.SH","622020"
"603912.SH","622010"
"603916.SH","621510"
"603917.SH","622010"
"603918.SH","624510"
"603919.SH","623020"
"603920.SH","624520"
"603922.SH","622510"
"603926.SH","622510"
"603928.SH","621510"
"603929.SH","622010"
"603933.SH","622010"
"603936.SH","624520"
"603937.SH","621510"
"603938.SH","621510"
"603939.SH","623010"
"603955.SH","622010"
"603958.SH","622520"
"603959.SH","622010"
"603960.SH","622010"
"603963.SH","623520"
"603966.SH","622010"
"603968.SH","621510"
"603969.SH","621510"
"603970.SH","622010"
"603976.SH","621510"
"603977.SH","621510"
"603978.SH","621510"
"603979.SH","622010"
"603980.SH","621510"
"603985.SH","622010"
"603986.SH","624530"
"603987.SH","623510"
"603988.SH","622010"
"603989.SH","624520"
"603990.SH","624510"
"603991.SH","621510"
"603993.SH","621510"
"603996.SH","622520"
"603997.SH","622510"
"603998.SH","623520"
"603999.SH","622540"
"600778.SH","622550"
"600779.SH","623020"
"600780.SH","625510"
"600781.SH","623520"
"600782.SH","621510"
"600783.SH","622010"
"600784.SH","622010"
"600785.SH","622550"
"600787.SH","622010"
"600789.SH","623520"
"600790.SH","626010"
"600791.SH","626010"
"600792.SH","621010"
"600793.SH","621510"
"600794.SH","622030"
"600795.SH","625510"
"600796.SH","621510"
"600797.SH","624510"
"600798.SH","622030"
"600800.SH","622010"
"600801.SH","621510"
"600802.SH","621510"
"600803.SH","621510"
"600804.SH","625010"
"600805.SH","622010"
"600806.SH","622010"
"600807.SH","626010"
"600808.SH","621510"
"600809.SH","623020"
"600810.SH","621510"
"600811.SH","623010"
"600812.SH","623520"
"600814.SH","622550"
"600815.SH","622010"
"600816.SH","624020"
"600817.SH","626010"
"600818.SH","622520"
"600819.SH","621510"
"600820.SH","622010"
"600821.SH","622550"
"600822.SH","622010"
"600823.SH","626010"
"600824.SH","622550"
"600825.SH","622540"
"600826.SH","622010"
"600827.SH","623010"
"600828.SH","622550"
"600829.SH","623510"
"600830.SH","622550"
"600831.SH","622540"
"600833.SH","623010"
"600834.SH","622030"
"600835.SH","622010"
"600836.SH","622020"
"600837.SH","624020"
"600838.SH","622550"
"600839.SH","622520"
"600841.SH","622010"
"600843.SH","622010"
"600844.SH","621510"
"600845.SH","624510"
"600846.SH","622010"
"600847.SH","622010"
"600848.SH","626010"
"600850.SH","624510"
"600851.SH","623520"
"600853.SH","622010"
"600854.SH","622520"
"600855.SH","622010"
"600856.SH","621010"
"600857.SH","622550"
"600858.SH","622550"
"600859.SH","622550"
"600860.SH","622010"
"600861.SH","623010"
"600862.SH","622010"
"600863.SH","625510"
"600864.SH","625510"
"600865.SH","622550"
"600866.SH","623020"
"600867.SH","623520"
"600868.SH","625510"
"600869.SH","622010"
"600870.SH","622520"
"600871.SH","621010"
"600872.SH","623020"
"600873.SH","623020"
"600874.SH","625510"
"600875.SH","622010"
"600876.SH","624520"
"600877.SH","622510"
"600879.SH","622010"
"600880.SH","622540"
"600881.SH","621510"
"600882.SH","623020"
"600883.SH","621510"
"600884.SH","621510"
"600885.SH","622010"
"600886.SH","625510"
"600887.SH","623020"
"600888.SH","621510"
"600889.SH","621510"
"600890.SH","626010"
"600891.SH","622550"
"600892.SH","622540"
"600893.SH","622010"
"600894.SH","622010"
"600895.SH","626010"
"600896.SH","623510"
"600897.SH","622030"
"600898.SH","624520"
"600900.SH","625510"
"600901.SH","624020"
"600903.SH","625510"
"600908.SH","624010"
"600909.SH","624020"
"600917.SH","625510"
"600919.SH","624010"
"600926.SH","624010"
"600929.SH","623020"
"600933.SH","622510"
"600936.SH","622540"
"600939.SH","622010"
"600958.SH","624020"
"600959.SH","622540"
"600960.SH","622510"
"600961.SH","621510"
"600962.SH","623020"
"600963.SH","621510"
"600965.SH","623020"
"600966.SH","621510"
"600967.SH","622010"
"600969.SH","625510"
"600970.SH","622010"
"600971.SH","621010"
"600973.SH","622010"
"600975.SH","623020"
"600976.SH","623520"
"600977.SH","622540"
"600978.SH","622520"
"600979.SH","625510"
"600980.SH","621510"
"600981.SH","622550"
"600982.SH","625510"
"600983.SH","622520"
"600984.SH","622010"
"600985.SH","621510"
"600986.SH","624510"
"600987.SH","622520"
"600988.SH","621510"
"600990.SH","622010"
"600992.SH","621510"
"600993.SH","623520"
"600995.SH","625510"
"600996.SH","622540"
"600997.SH","621010"
"600998.SH","623010"
"600999.SH","624020"
"601000.SH","622030"
"601001.SH","621010"
"601002.SH","622010"
"601003.SH","621510"
"601005.SH","621510"
"601006.SH","622030"
"601007.SH","622530"
"601008.SH","622030"
"601009.SH","624010"
"601010.SH","622550"
"601011.SH","621010"
"601012.SH","624530"
"601015.SH","621010"
"601016.SH","625510"
"601018.SH","622030"
"601019.SH","622540"
"601020.SH","621510"
"601021.SH","622030"
"601028.SH","621510"
"601038.SH","622010"
"601058.SH","622510"
"601069.SH","621510"
"601086.SH","622550"
"601088.SH","621010"
"601098.SH","622540"
"601099.SH","624020"
"601100.SH","622010"
"601101.SH","621010"
"601106.SH","622010"
"601107.SH","622030"
"601108.SH","624020"
"601111.SH","622030"
"601113.SH","621510"
"601116.SH","623010"
"601117.SH","622010"
"601118.SH","623020"
"601126.SH","622010"
"601127.SH","622510"
"601128.SH","624010"
"601137.SH","621510"
"601139.SH","625510"
"601155.SH","626010"
"601158.SH","625510"
"601163.SH","622510"
"601166.SH","624010"
"601168.SH","621510"
"601169.SH","624010"
"601177.SH","622010"
"601179.SH","622010"
"601186.SH","622010"
"601188.SH","622030"
"601198.SH","624020"
"601199.SH","625510"
"601200.SH","622020"
"601208.SH","621510"
"601211.SH","624020"
"601212.SH","621510"
"601216.SH","621510"
"601218.SH","622010"
"601222.SH","622010"
"601225.SH","621010"
"601226.SH","622010"
"601228.SH","622030"
"601229.SH","624010"
"601231.SH","624520"
"601233.SH","621510"
"601238.SH","622510"
"601258.SH","622550"
"601288.SH","624010"
"601311.SH","622010"
"601318.SH","624030"
"601326.SH","622030"
"601328.SH","624010"
"601333.SH","622030"
"601336.SH","624030"
"601339.SH","622520"
"601360.SH","624510"
"601366.SH","622550"
"601368.SH","625510"
"601369.SH","622010"
"601375.SH","624020"
"601377.SH","624020"
"601388.SH","621510"
"601390.SH","622010"
"601398.SH","624010"
"601500.SH","622510"
"601515.SH","622020"
"601518.SH","622030"
"601519.SH","624510"
"601555.SH","624020"
"601566.SH","622520"
"601567.SH","622010"
"601579.SH","623020"
"601588.SH","626010"
"601595.SH","622540"
"601599.SH","622520"
"601600.SH","621510"
"601601.SH","624030"
"601607.SH","623510"
"601608.SH","622010"
"601611.SH","622010"
"601616.SH","622010"
"601618.SH","622010"
"601619.SH","625510"
"601628.SH","624030"
"601633.SH","622510"
"601636.SH","621510"
"601666.SH","621010"
"601668.SH","622010"
"601669.SH","622010"
"601677.SH","621510"
"601678.SH","621510"
"601688.SH","624020"
"601689.SH","622510"
"601699.SH","621010"
"601700.SH","622010"
"601717.SH","622010"
"601718.SH","622520"
"601727.SH","622010"
"601766.SH","622010"
"601777.SH","622510"
"601788.SH","624020"
"601789.SH","622010"
"601798.SH","621010"
"601799.SH","622510"
"601800.SH","622010"
"601801.SH","622540"
"601808.SH","621010"
"601811.SH","622540"
"601818.SH","624010"
"601828.SH","622550"
"601838.SH","624010"
"601857.SH","621010"
"601858.SH","622540"
"601866.SH","622030"
"601872.SH","622030"
"601877.SH","622010"
"601878.SH","624020"
"601880.SH","622030"
"601881.SH","624020"
"601882.SH","622010"
"601886.SH","622010"
"601888.SH","622530"
"601890.SH","622010"
"601898.SH","621010"
"601899.SH","621510"
"601900.SH","622540"
"601901.SH","624020"
"601908.SH","624530"
"601918.SH","621010"
"601919.SH","622030"
"601928.SH","622540"
"601929.SH","622540"
"601933.SH","623010"
"601939.SH","624010"
"601949.SH","622540"
"601952.SH","623020"
"601958.SH","621510"
"601558.SH","622010"
"601965.SH","622510"
"601966.SH","622510"
"601968.SH","621510"
"601969.SH","621510"
"601985.SH","625510"
"601988.SH","624010"
"601989.SH","622010"
"601991.SH","625510"
"601992.SH","621510"
"601996.SH","621510"
"601997.SH","624010"
"601998.SH","624010"
"601999.SH","622540"
"603000.SH","624510"
"603001.SH","622520"
"603002.SH","621510"
"603003.SH","621010"
"603005.SH","624530"
"603006.SH","622510"
"603007.SH","622010"
"603008.SH","622520"
"603009.SH","622510"
"603010.SH","621510"
"603011.SH","622010"
"603012.SH","622010"
"603015.SH","622010"
"603016.SH","622010"
"603017.SH","622020"
"603018.SH","622020"
"603019.SH","624520"
"603020.SH","623020"
"603021.SH","621510"
"603022.SH","621510"
"603023.SH","622510"
"603025.SH","622010"
"603026.SH","621510"
"603027.SH","623020"
"603028.SH","621510"
"603029.SH","622010"
"603030.SH","622010"
"603031.SH","623010"
"603032.SH","622030"
"603033.SH","621510"
"603035.SH","622510"
"603036.SH","621010"
"603037.SH","622510"
"603038.SH","622010"
"603039.SH","624510"
"603040.SH","622510"
"603041.SH","621510"
"603042.SH","624520"
"603043.SH","623020"
"603050.SH","622010"
"603055.SH","621510"
"603056.SH","622030"
"603058.SH","622020"
"603059.SH","623030"
"603060.SH","622020"
"603063.SH","622010"
"603066.SH","622010"
"603067.SH","621510"
"603069.SH","622030"
"603076.SH","622010"
"603077.SH","621510"
"603078.SH","621510"
"603079.SH","623520"
"603080.SH","625510"
"603081.SH","622010"
"603083.SH","624520"
"603085.SH","622010"
"603086.SH","621510"
"603088.SH","622010"
"603089.SH","622510"
"603090.SH","622010"
"603096.SH","622540"
"603098.SH","622010"
"603099.SH","622530"
"603100.SH","622010"
"603101.SH","622550"
"603103.SH","622540"
"603106.SH","624520"
"603108.SH","623510"
"603110.SH","621510"
"603111.SH","622010"
"603113.SH","621010"
"603116.SH","622520"
"603117.SH","622030"
"603118.SH","624520"
"603123.SH","622550"
"603126.SH","622020"
"603127.SH","623520"
"603128.SH","622030"
"603129.SH","622520"
"603131.SH","622010"
"603133.SH","624520"
"603136.SH","622530"
"603138.SH","624510"
"603139.SH","623520"
"603156.SH","623020"
"603157.SH","622520"
"603158.SH","622510"
"603159.SH","622010"
"603160.SH","624530"
"603161.SH","622510"
"603165.SH","621510"
"603166.SH","622510"
"603167.SH","622030"
"603168.SH","623520"
"603169.SH","622010"
"603177.SH","622020"
"603178.SH","622510"
"603179.SH","622510"
"603180.SH","622520"
"603181.SH","621510"
"603183.SH","622020"
"603186.SH","624520"
"603188.SH","621510"
"603189.SH","624510"
"603196.SH","622520"
"603197.SH","622510"
"603198.SH","623020"
"603199.SH","622530"
"603200.SH","622020"
"603203.SH","622010"
"603208.SH","622520"
"603214.SH","622550"
"603218.SH","622010"
"603222.SH","623510"
"603223.SH","622030"
"603225.SH","621510"
"603226.SH","621510"
"603227.SH","621510"
"603228.SH","624520"
"603229.SH","623520"
"603232.SH","624510"
"603233.SH","623010"
"603238.SH","622520"
"603239.SH","622510"
"603258.SH","624510"
"603260.SH","621510"
"603266.SH","622510"
"603268.SH","622520"
"603269.SH","622010"
"603277.SH","622010"
"603278.SH","621510"
"603283.SH","622010"
"603286.SH","622510"
"603288.SH","623020"
"603289.SH","622010"
"603298.SH","622010"
"603299.SH","621510"
"603300.SH","622020"
"603303.SH","622520"
"603305.SH","622510"
"603306.SH","622510"
"603308.SH","622010"
"603309.SH","623510"
"603311.SH","622520"
"603313.SH","622520"
"603315.SH","622010"
"603316.SH","622010"
"603318.SH","622010"
"603319.SH","622510"
"603320.SH","622010"
"603321.SH","622010"
"603322.SH","624520"
"603323.SH","624010"
"603326.SH","622520"
"603328.SH","624520"
"603329.SH","622030"
"603330.SH","621510"
"603331.SH","622010"
"603333.SH","622010"
"603335.SH","622510"
"603336.SH","623020"
"603337.SH","622010"
"603338.SH","622010"
"603339.SH","622010"
"603345.SH","623020"
"603355.SH","622520"
"603356.SH","622010"
"603357.SH","622020"
"603358.SH","622510"
"603359.SH","622010"
"603360.SH","621510"
"603363.SH","623020"
"603365.SH","622520"
"603366.SH","622520"
"603367.SH","623520"
"603368.SH","623510"
"603369.SH","623020"
"603377.SH","622530"
"603378.SH","621510"
"603380.SH","624520"
"603383.SH","624510"
"603385.SH","622010"
"603386.SH","624520"
"603387.SH","623520"
"603388.SH","622010"
"603389.SH","622520"
"603393.SH","625510"
"603396.SH","622010"
"603398.SH","622520"
"603399.SH","621510"
"603416.SH","622010"
"603421.SH","624520"
"603429.SH","622020"
"603444.SH","624510"
"603456.SH","623520"
"603458.SH","622020"
"603466.SH","622540"
"603477.SH","622520"
"603488.SH","622010"
"603496.SH","624520"
"603499.SH","621510"
"603500.SH","622010"
"603501.SH","624530"
"603505.SH","621510"
"603506.SH","626010"
"603507.SH","622010"
"603508.SH","624520"
"603515.SH","622520"
"603516.SH","624520"
"603517.SH","623020"
"603518.SH","622520"
"603519.SH","622520"
"603520.SH","623520"
"603527.SH","621510"
"603528.SH","624510"
"603533.SH","622540"
"603535.SH","622030"
"603536.SH","623020"
"603538.SH","623520"
"603555.SH","622520"
"603556.SH","622010"
"603557.SH","622520"
"603558.SH","622520"
"603559.SH","624520"
"603566.SH","623520"
"603567.SH","623520"
"603568.SH","622020"
"603569.SH","622030"
"603577.SH","622010"
"603578.SH","622520"
"603579.SH","623510"
"603580.SH","621510"
"603585.SH","621510"
"603586.SH","622510"
"603588.SH","622020"
"603589.SH","623020"
"603595.SH","624520"
"603598.SH","622540"
"603599.SH","621510"
"603600.SH","622520"
"603601.SH","621510"
"603602.SH","624520"
"603603.SH","622020"
"603605.SH","623030"
"603606.SH","622010"
"603607.SH","621510"
"603608.SH","622520"
"603609.SH","623020"
"603611.SH","622010"
"603612.SH","621510"
"603615.SH","622520"
"603616.SH","621510"
"603617.SH","622010"
"603618.SH","622010"
"603619.SH","621010"
"603626.SH","624520"
"603628.SH","624530"
"603630.SH","623030"
"603633.SH","624520"
"603636.SH","624510"
"603637.SH","622010"
"603638.SH","622010"
"603639.SH","621510"
"603648.SH","622030"
"603655.SH","622510"
"603656.SH","622010"
"603658.SH","623520"
"603659.SH","621510"
"603660.SH","624520"
"603661.SH","622520"
"603663.SH","621510"
"603665.SH","622520"
"603667.SH","622010"
"603668.SH","623020"
"603669.SH","623520"
"603676.SH","623520"
"603677.SH","622010"
"603678.SH","624520"
"603679.SH","622010"
"603680.SH","622010"
"603683.SH","621510"
"600576.SH","622540"
"600577.SH","622010"
"600578.SH","625510"
"600579.SH","622010"
"600580.SH","622010"
"600581.SH","621510"
"600582.SH","622010"
"600583.SH","621010"
"600584.SH","624530"
"600585.SH","621510"
"600586.SH","621510"
"600587.SH","623510"
"600588.SH","624510"
"600589.SH","621510"
"600590.SH","622010"
"600592.SH","622010"
"600593.SH","622530"
"600594.SH","623520"
"600595.SH","621510"
"600596.SH","621510"
"600597.SH","623020"
"600598.SH","623020"
"600599.SH","624020"
"600600.SH","623020"
"600601.SH","622010"
"600602.SH","624510"
"600603.SH","626010"
"600604.SH","626010"
"600605.SH","622010"
"600606.SH","626010"
"600608.SH","621510"
"600609.SH","622510"
"600610.SH","622010"
"600611.SH","622030"
"600612.SH","622520"
"600613.SH","623520"
"600614.SH","621510"
"600615.SH","621510"
"000716.SZ","623020"
"000717.SZ","621510"
"000718.SZ","626010"
"000719.SZ","622540"
"000720.SZ","625510"
"000721.SZ","622530"
"000722.SZ","625510"
"000723.SZ","621010"
"000725.SZ","624520"
"000726.SZ","622520"
"000727.SZ","624520"
"000728.SZ","624020"
"000729.SZ","623020"
"000731.SZ","621510"
"000732.SZ","626010"
"000733.SZ","624520"
"000735.SZ","623020"
"000736.SZ","626010"
"000737.SZ","623030"
"000738.SZ","622010"
"000739.SZ","623520"
"000750.SZ","624020"
"000751.SZ","621510"
"000752.SZ","623020"
"000753.SZ","622550"
"000755.SZ","621510"
"000756.SZ","623520"
"000757.SZ","622510"
"000758.SZ","621510"
"000759.SZ","623010"
"000760.SZ","622510"
"000761.SZ","621510"
"000762.SZ","621510"
"000766.SZ","623520"
"000767.SZ","625510"
"000768.SZ","622010"
"000776.SZ","624020"
"000777.SZ","622010"
"000778.SZ","621510"
"000779.SZ","622520"
"002558.SZ","624510"
"002559.SZ","622010"
"002560.SZ","622010"
"002561.SZ","622550"
"002562.SZ","621510"
"002563.SZ","622520"
"002564.SZ","622010"
"002565.SZ","621510"
"002566.SZ","623520"
"002567.SZ","623020"
"002568.SZ","623020"
"002569.SZ","622520"
"002570.SZ","623020"
"002571.SZ","622520"
"002572.SZ","622520"
"002573.SZ","622020"
"002574.SZ","622520"
"002575.SZ","622520"
"002576.SZ","622010"
"002577.SZ","624520"
"002578.SZ","621510"
"002579.SZ","624520"
"002580.SZ","622010"
"002581.SZ","623520"
"002582.SZ","623020"
"002583.SZ","624520"
"002584.SZ","621510"
"002585.SZ","621510"
"002586.SZ","622010"
"002587.SZ","624520"
"002588.SZ","621510"
"002589.SZ","623510"
"002590.SZ","622510"
"002591.SZ","621510"
"002592.SZ","622510"
"002593.SZ","621510"
"002594.SZ","622510"
"002595.SZ","622010"
"002596.SZ","621510"
"002597.SZ","621510"
"002598.SZ","622010"
"002599.SZ","622020"
"002600.SZ","624520"
"002601.SZ","621510"
"002602.SZ","622510"
"002603.SZ","623520"
"002604.SZ","623020"
"002605.SZ","622520"
"002606.SZ","622010"
"002607.SZ","622550"
"002608.SZ","624020"
"002609.SZ","624520"
"002610.SZ","624530"
"002611.SZ","622010"
"002612.SZ","622520"
"002613.SZ","622010"
"002614.SZ","623510"
"002615.SZ","622520"
"002616.SZ","622520"
"002617.SZ","622010"
"002618.SZ","624520"
"002619.SZ","624510"
"002620.SZ","622010"
"002621.SZ","622010"
"002622.SZ","622010"
"002623.SZ","624530"
"300559.SZ","624510"
"300560.SZ","624520"
"300561.SZ","624510"
"300562.SZ","623510"
"300563.SZ","624520"
"300565.SZ","624520"
"300566.SZ","624520"
"300567.SZ","624520"
"300568.SZ","621510"
"300569.SZ","622010"
"300570.SZ","624520"
"300571.SZ","624510"
"300572.SZ","624520"
"300573.SZ","623520"
"300575.SZ","621510"
"300576.SZ","621510"
"300577.SZ","622520"
"300578.SZ","625010"
"300579.SZ","624510"
"300580.SZ","622510"
"300581.SZ","622010"
"300582.SZ","622010"
"300583.SZ","623520"
"300584.SZ","623520"
"300585.SZ","622510"
"300586.SZ","621510"
"300587.SZ","621510"
"300588.SZ","624510"
"300589.SZ","622010"
"300590.SZ","624520"
"300591.SZ","622520"
"300592.SZ","622540"
"300593.SZ","622010"
"300595.SZ","623510"
"300596.SZ","621510"
"300597.SZ","624510"
"300598.SZ","624510"
"300599.SZ","622010"
"300600.SZ","622010"
"300601.SZ","623520"
"300602.SZ","624520"
"300603.SZ","624510"
"300604.SZ","622010"
"300605.SZ","624510"
"300606.SZ","622010"
"300607.SZ","622010"
"300608.SZ","624510"
"300609.SZ","624510"
"300610.SZ","621510"
"300611.SZ","622510"
"300612.SZ","622540"
"300613.SZ","624530"
"300615.SZ","624520"
"300616.SZ","622520"
"300617.SZ","622010"
"300618.SZ","621510"
"300619.SZ","622010"
"300620.SZ","624520"
"300621.SZ","622010"
"300622.SZ","622550"
"300623.SZ","624530"
"300624.SZ","624510"
"300625.SZ","622520"
"300626.SZ","622010"
"300627.SZ","622010"
"300628.SZ","624520"
"300629.SZ","622010"
"300630.SZ","623520"
"300631.SZ","622010"
"300632.SZ","624520"
"300633.SZ","623510"
"300634.SZ","624510"
"300635.SZ","622020"
"300636.SZ","623520"
"600616.SH","623020"
"600617.SH","625510"
"600618.SH","621510"
"600619.SH","622010"
"600620.SH","622010"
"600621.SH","624020"
"600622.SH","626010"
"600623.SH","621510"
"600624.SH","623520"
"600626.SH","622550"
"600628.SH","622550"
"600629.SH","622020"
"600630.SH","622520"
"600633.SH","622540"
"600634.SH","624510"
"600635.SH","625510"
"600636.SH","621510"
"600637.SH","622540"
"600638.SH","626010"
"600639.SH","626010"
"600640.SH","624510"
"600641.SH","626010"
"600642.SH","625510"
"600643.SH","624020"
"000780.SZ","621010"
"000782.SZ","621510"
"000783.SZ","624020"
"000785.SZ","622550"
"000786.SZ","621510"
"000788.SZ","623510"
"000789.SZ","621510"
"000790.SZ","623520"
"000791.SZ","625510"
"000792.SZ","621510"
"000793.SZ","622540"
"000795.SZ","621510"
"000796.SZ","622530"
"000797.SZ","626010"
"000798.SZ","623020"
"000799.SZ","623020"
"000800.SZ","622510"
"000801.SZ","622520"
"000802.SZ","622540"
"000803.SZ","622010"
"000806.SZ","622010"
"000807.SZ","621510"
"000809.SZ","626010"
"000810.SZ","622520"
"000811.SZ","622010"
"000812.SZ","622020"
"000813.SZ","623520"
"000815.SZ","621510"
"000816.SZ","622010"
"000818.SZ","621510"
"000819.SZ","621510"
"000820.SZ","622020"
"000821.SZ","622010"
"000822.SZ","621510"
"000823.SZ","624520"
"000825.SZ","621510"
"000826.SZ","622020"
"000828.SZ","622030"
"002624.SZ","624510"
"002625.SZ","622510"
"002626.SZ","623520"
"002627.SZ","622030"
"002628.SZ","622010"
"002629.SZ","621010"
"002630.SZ","622010"
"002631.SZ","621510"
"002632.SZ","621510"
"002633.SZ","622010"
"002634.SZ","622520"
"002635.SZ","624520"
"002636.SZ","624520"
"002637.SZ","621510"
"002638.SZ","622010"
"002639.SZ","622010"
"002640.SZ","622550"
"002641.SZ","622010"
"002642.SZ","624510"
"002643.SZ","621510"
"002644.SZ","623520"
"002645.SZ","622010"
"002646.SZ","623020"
"002647.SZ","624510"
"002648.SZ","621510"
"002649.SZ","624510"
"002650.SZ","623020"
"002651.SZ","622010"
"002652.SZ","622010"
"002653.SZ","623520"
"002654.SZ","624530"
"002655.SZ","624520"
"002656.SZ","622520"
"002657.SZ","624510"
"002658.SZ","624520"
